id,tipo,medio,asociadoaescrito_id,asociadoaradio_id,asociadoacanaltv_id,asociadoamediodigital_id,genero_id,pagado_gratuito,inicio,inicioyear,circulacion,region_id,ciudad_id,periodicidad_id,lectoria,infolectoria,fuentelectoria_id,tiraje,infotiraje,fuentetiraje_id,direccion,sitioweb,director_id,gerentegeneral_id,propietario_id,fuentepropiedad_id,telefono,observaciones,anexos,check
150,NULL,"Revista El Periodista",NULL,NULL,NULL,NULL,NULL,NULL,NULL,NULL,NULL,NULL,NULL,NULL,NULL,,NULL,NULL,NULL,NULL,,NULL,NULL,NULL,NULL,NULL,NULL,NULL,NULL,0
151,NULL,"Punto Final",NULL,NULL,NULL,NULL,NULL,NULL,NULL,NULL,NULL,NULL,NULL,NULL,NULL,,NULL,NULL,NULL,NULL,,NULL,NULL,NULL,NULL,NULL,NULL,NULL,NULL,0
152,NULL,"Qué Pasa",NULL,NULL,NULL,NULL,NULL,NULL,NULL,NULL,NULL,NULL,NULL,NULL,NULL,,NULL,NULL,NULL,NULL,,NULL,NULL,NULL,NULL,NULL,NULL,NULL,NULL,0
153,NULL,Capital,NULL,NULL,NULL,NULL,NULL,NULL,NULL,NULL,NULL,NULL,NULL,NULL,NULL,,NULL,NULL,NULL,NULL,,NULL,NULL,NULL,NULL,NULL,NULL,NULL,NULL,0
154,NULL,ED,NULL,NULL,NULL,NULL,NULL,NULL,NULL,NULL,NULL,NULL,NULL,NULL,NULL,,NULL,NULL,NULL,NULL,,NULL,NULL,NULL,NULL,NULL,NULL,NULL,NULL,0
155,NULL,Cosas,NULL,NULL,NULL,NULL,NULL,NULL,NULL,NULL,NULL,NULL,NULL,NULL,NULL,,NULL,NULL,NULL,NULL,,NULL,NULL,NULL,NULL,NULL,NULL,NULL,NULL,0
156,NULL,Casas,NULL,NULL,NULL,NULL,NULL,NULL,NULL,NULL,NULL,NULL,NULL,NULL,NULL,,NULL,NULL,NULL,NULL,,NULL,NULL,NULL,NULL,NULL,NULL,NULL,NULL,0
157,NULL,"Revista Empresas y Poder ",NULL,NULL,NULL,NULL,NULL,NULL,NULL,NULL,NULL,NULL,NULL,NULL,NULL,,NULL,NULL,NULL,NULL,,NULL,NULL,NULL,NULL,NULL,NULL,NULL,NULL,0
158,NULL,Paula,NULL,NULL,NULL,NULL,NULL,NULL,NULL,NULL,NULL,NULL,NULL,NULL,NULL,,NULL,NULL,NULL,NULL,,NULL,NULL,NULL,NULL,NULL,NULL,NULL,NULL,0
159,NULL,Vanidades,NULL,NULL,NULL,NULL,NULL,NULL,NULL,NULL,NULL,NULL,NULL,NULL,NULL,,NULL,NULL,NULL,NULL,,NULL,NULL,NULL,NULL,NULL,NULL,NULL,NULL,0
160,NULL,"Dato Avisos",NULL,NULL,NULL,NULL,NULL,NULL,NULL,NULL,NULL,NULL,NULL,NULL,NULL,,NULL,NULL,NULL,NULL,,NULL,NULL,NULL,NULL,NULL,NULL,NULL,NULL,0
161,NULL,"El Gráfico",NULL,NULL,NULL,NULL,NULL,NULL,NULL,NULL,NULL,NULL,NULL,NULL,NULL,,NULL,NULL,NULL,NULL,,NULL,NULL,NULL,NULL,NULL,NULL,NULL,NULL,0
162,NULL,"The Clinic",NULL,NULL,NULL,NULL,NULL,NULL,NULL,NULL,NULL,NULL,NULL,NULL,NULL,,NULL,NULL,NULL,NULL,,NULL,NULL,NULL,NULL,NULL,NULL,NULL,NULL,0
163,NULL,Caras,NULL,NULL,NULL,NULL,NULL,NULL,NULL,NULL,NULL,NULL,NULL,NULL,NULL,,NULL,NULL,NULL,NULL,,NULL,NULL,NULL,NULL,NULL,NULL,NULL,NULL,0
164,NULL,TVGrama,NULL,NULL,NULL,NULL,NULL,NULL,NULL,NULL,NULL,NULL,NULL,NULL,NULL,,NULL,NULL,NULL,NULL,,NULL,NULL,NULL,NULL,NULL,NULL,NULL,NULL,0
165,NULL,Cosmopolitan,NULL,NULL,NULL,NULL,NULL,NULL,NULL,NULL,NULL,NULL,NULL,NULL,NULL,,NULL,NULL,NULL,NULL,,NULL,NULL,NULL,NULL,NULL,NULL,NULL,NULL,0
166,NULL,"Revista Tú",NULL,NULL,NULL,NULL,NULL,NULL,NULL,NULL,NULL,NULL,NULL,NULL,NULL,,NULL,NULL,NULL,NULL,,NULL,NULL,NULL,NULL,NULL,NULL,NULL,NULL,0
167,NULL,Ercilla,NULL,NULL,NULL,NULL,NULL,NULL,NULL,NULL,NULL,NULL,NULL,NULL,NULL,,NULL,NULL,NULL,NULL,,NULL,NULL,NULL,NULL,NULL,NULL,NULL,NULL,0
168,NULL,Vea,NULL,NULL,NULL,NULL,NULL,NULL,NULL,NULL,NULL,NULL,NULL,NULL,NULL,,NULL,NULL,NULL,NULL,,NULL,NULL,NULL,NULL,NULL,NULL,NULL,NULL,0
169,NULL,"Miss 17",NULL,NULL,NULL,NULL,NULL,NULL,NULL,NULL,NULL,NULL,NULL,NULL,NULL,,NULL,NULL,NULL,NULL,,NULL,NULL,NULL,NULL,NULL,NULL,NULL,NULL,0
170,NULL,"América Economía",NULL,NULL,NULL,NULL,NULL,NULL,NULL,NULL,NULL,NULL,NULL,NULL,NULL,,NULL,NULL,NULL,NULL,,NULL,NULL,NULL,NULL,NULL,NULL,NULL,NULL,0
171,NULL,"Uno Mismo",NULL,NULL,NULL,NULL,NULL,NULL,NULL,NULL,NULL,NULL,NULL,NULL,NULL,,NULL,NULL,NULL,NULL,,NULL,NULL,NULL,NULL,NULL,NULL,NULL,NULL,0
172,NULL,"Cada Día Mejor",NULL,NULL,NULL,NULL,NULL,NULL,NULL,NULL,NULL,NULL,NULL,NULL,NULL,,NULL,NULL,NULL,NULL,,NULL,NULL,NULL,NULL,NULL,NULL,NULL,NULL,0
173,NULL,Cine-Grama,NULL,NULL,NULL,NULL,NULL,NULL,NULL,NULL,NULL,NULL,NULL,NULL,NULL,,NULL,NULL,NULL,NULL,,NULL,NULL,NULL,NULL,NULL,NULL,NULL,NULL,0
174,NULL,"Muy Interesante",NULL,NULL,NULL,NULL,NULL,NULL,NULL,NULL,NULL,NULL,NULL,NULL,NULL,,NULL,NULL,NULL,NULL,,NULL,NULL,NULL,NULL,NULL,NULL,NULL,NULL,0
175,NULL,"Women’s health",NULL,NULL,NULL,NULL,NULL,NULL,NULL,NULL,NULL,NULL,NULL,NULL,NULL,,NULL,NULL,NULL,NULL,,NULL,NULL,NULL,NULL,NULL,NULL,NULL,NULL,0
176,NULL,"Ser Padres",NULL,NULL,NULL,NULL,NULL,NULL,NULL,NULL,NULL,NULL,NULL,NULL,NULL,,NULL,NULL,NULL,NULL,,NULL,NULL,NULL,NULL,NULL,NULL,NULL,NULL,0
177,NULL,Seventeen,NULL,NULL,NULL,NULL,NULL,NULL,NULL,NULL,NULL,NULL,NULL,NULL,NULL,,NULL,NULL,NULL,NULL,,NULL,NULL,NULL,NULL,NULL,NULL,NULL,NULL,0
178,NULL,"National Geographic",NULL,NULL,NULL,NULL,NULL,NULL,NULL,NULL,NULL,NULL,NULL,NULL,NULL,,NULL,NULL,NULL,NULL,,NULL,NULL,NULL,NULL,NULL,NULL,NULL,NULL,0
179,NULL,"Men’s Health",NULL,NULL,NULL,NULL,NULL,NULL,NULL,NULL,NULL,NULL,NULL,NULL,NULL,,NULL,NULL,NULL,NULL,,NULL,NULL,NULL,NULL,NULL,NULL,NULL,NULL,0
180,NULL,"Club Nintendo",NULL,NULL,NULL,NULL,NULL,NULL,NULL,NULL,NULL,NULL,NULL,NULL,NULL,,NULL,NULL,NULL,NULL,,NULL,NULL,NULL,NULL,NULL,NULL,NULL,NULL,0
181,NULL,Condorito,NULL,NULL,NULL,NULL,NULL,NULL,NULL,NULL,NULL,NULL,NULL,NULL,NULL,,NULL,NULL,NULL,NULL,,NULL,NULL,NULL,NULL,NULL,NULL,NULL,NULL,0
182,NULL,Princesas,NULL,NULL,NULL,NULL,NULL,NULL,NULL,NULL,NULL,NULL,NULL,NULL,NULL,,NULL,NULL,NULL,NULL,,NULL,NULL,NULL,NULL,NULL,NULL,NULL,NULL,0
183,NULL,Hadas,NULL,NULL,NULL,NULL,NULL,NULL,NULL,NULL,NULL,NULL,NULL,NULL,NULL,,NULL,NULL,NULL,NULL,,NULL,NULL,NULL,NULL,NULL,NULL,NULL,NULL,0
184,NULL,"Disney Junior",NULL,NULL,NULL,NULL,NULL,NULL,NULL,NULL,NULL,NULL,NULL,NULL,NULL,,NULL,NULL,NULL,NULL,,NULL,NULL,NULL,NULL,NULL,NULL,NULL,NULL,0
185,NULL,"Arte al Límite",NULL,NULL,NULL,NULL,NULL,NULL,NULL,NULL,NULL,NULL,NULL,NULL,NULL,,NULL,NULL,NULL,NULL,,NULL,NULL,NULL,NULL,NULL,NULL,NULL,NULL,0
186,NULL,"Revista Tell",NULL,NULL,NULL,NULL,NULL,NULL,NULL,NULL,NULL,NULL,NULL,NULL,NULL,,NULL,NULL,NULL,NULL,,NULL,NULL,NULL,NULL,NULL,NULL,NULL,NULL,0
187,NULL,"Revista Nos",NULL,NULL,NULL,NULL,NULL,NULL,NULL,NULL,NULL,NULL,NULL,NULL,NULL,,NULL,NULL,NULL,NULL,,NULL,NULL,NULL,NULL,NULL,NULL,NULL,NULL,0
188,NULL,Somos,NULL,NULL,NULL,NULL,NULL,NULL,NULL,NULL,NULL,NULL,NULL,NULL,NULL,,NULL,NULL,NULL,NULL,,NULL,NULL,NULL,NULL,NULL,NULL,NULL,NULL,0
189,NULL,"Platos & Copas",NULL,NULL,NULL,NULL,NULL,NULL,NULL,NULL,NULL,NULL,NULL,NULL,NULL,,NULL,NULL,NULL,NULL,,NULL,NULL,NULL,NULL,NULL,NULL,NULL,NULL,0
190,NULL,"De Novios",NULL,NULL,NULL,NULL,NULL,NULL,NULL,NULL,NULL,NULL,NULL,NULL,NULL,,NULL,NULL,NULL,NULL,,NULL,NULL,NULL,NULL,NULL,NULL,NULL,NULL,0
191,NULL,City,NULL,NULL,NULL,NULL,NULL,NULL,NULL,NULL,NULL,NULL,NULL,NULL,NULL,,NULL,NULL,NULL,NULL,,NULL,NULL,NULL,NULL,NULL,NULL,NULL,NULL,0
192,NULL,"De 15",NULL,NULL,NULL,NULL,NULL,NULL,NULL,NULL,NULL,NULL,NULL,NULL,NULL,,NULL,NULL,NULL,NULL,,NULL,NULL,NULL,NULL,NULL,NULL,NULL,NULL,0
193,NULL,"Minería Chilena",NULL,NULL,NULL,NULL,NULL,NULL,NULL,NULL,NULL,NULL,NULL,NULL,NULL,,NULL,NULL,NULL,NULL,,NULL,NULL,NULL,NULL,NULL,NULL,NULL,NULL,0
194,NULL,"Qué Pasa Minería",NULL,NULL,NULL,NULL,NULL,NULL,NULL,NULL,NULL,NULL,NULL,NULL,NULL,,NULL,NULL,NULL,NULL,,NULL,NULL,NULL,NULL,NULL,NULL,NULL,NULL,0
195,NULL,"Revista Mensaje",NULL,NULL,NULL,NULL,NULL,NULL,NULL,NULL,NULL,NULL,NULL,NULL,NULL,,NULL,NULL,NULL,NULL,,NULL,NULL,NULL,NULL,NULL,NULL,NULL,NULL,0
196,NULL,"La Tercera",NULL,NULL,NULL,NULL,NULL,NULL,NULL,NULL,NULL,NULL,NULL,NULL,NULL,,NULL,NULL,NULL,NULL,,NULL,NULL,NULL,NULL,NULL,NULL,NULL,NULL,0
197,NULL,"La Cuarta",NULL,NULL,NULL,NULL,NULL,NULL,NULL,NULL,NULL,NULL,NULL,NULL,NULL,,NULL,NULL,NULL,NULL,,NULL,NULL,NULL,NULL,NULL,NULL,NULL,NULL,0
198,Diario,"La Hora",NULL,NULL,NULL,NULL,1,Gratuito,NULL,NULL,NULL,NULL,NULL,NULL,,,NULL,,,NULL,,,NULL,NULL,NULL,NULL,,,,0
199,Diario,"El Mercurio",NULL,NULL,NULL,NULL,1,Pagado,NULL,1900,Nacional,NULL,NULL,1,"Lectoría en Santiago - Lunes a Viernes: 296.751 - Sábado y Domingo: 495.693","Promedios Boletín de Circulación y Lectoría Valida - 1er semestre 2014 - Corresponde a la lectoría en Santiago del diario papel.",2,,,NULL,"Av. Santa María 5542 - Vitacura - Santiago",http://www.elmercurio.cl/,5,6,NULL,1,,,,0
200,NULL,"Las Ultimas Noticias",NULL,NULL,NULL,NULL,NULL,NULL,NULL,NULL,NULL,NULL,NULL,NULL,NULL,,NULL,NULL,NULL,NULL,,NULL,NULL,NULL,NULL,NULL,NULL,NULL,NULL,0
201,NULL,"La Segunda",NULL,NULL,NULL,NULL,NULL,NULL,NULL,NULL,NULL,NULL,NULL,NULL,NULL,,NULL,NULL,NULL,NULL,,NULL,NULL,NULL,NULL,NULL,NULL,NULL,NULL,0
202,NULL,"Diario Financiero",NULL,NULL,NULL,NULL,NULL,NULL,NULL,NULL,NULL,NULL,NULL,NULL,NULL,,NULL,NULL,NULL,NULL,,NULL,NULL,NULL,NULL,NULL,NULL,NULL,NULL,0
203,NULL,"Diario Estrategia",NULL,NULL,NULL,NULL,NULL,NULL,NULL,NULL,NULL,NULL,NULL,NULL,NULL,,NULL,NULL,NULL,NULL,,NULL,NULL,NULL,NULL,NULL,NULL,NULL,NULL,0
204,NULL,Publimetro,NULL,NULL,NULL,NULL,NULL,NULL,NULL,NULL,NULL,NULL,NULL,NULL,NULL,,NULL,NULL,NULL,NULL,,NULL,NULL,NULL,NULL,NULL,NULL,NULL,NULL,0
205,NULL,Pulso,NULL,NULL,NULL,NULL,NULL,NULL,NULL,NULL,NULL,NULL,NULL,NULL,NULL,,NULL,NULL,NULL,NULL,,NULL,NULL,NULL,NULL,NULL,NULL,NULL,NULL,0
206,NULL,"El Siglo",NULL,NULL,NULL,NULL,NULL,NULL,NULL,NULL,NULL,NULL,NULL,NULL,NULL,,NULL,NULL,NULL,NULL,,NULL,NULL,NULL,NULL,NULL,NULL,NULL,NULL,0
207,NULL,"Cambio 21",NULL,NULL,NULL,NULL,NULL,NULL,NULL,NULL,NULL,NULL,NULL,NULL,NULL,,NULL,NULL,NULL,NULL,,NULL,NULL,NULL,NULL,NULL,NULL,NULL,NULL,0
208,NULL,"El Ciudadano",NULL,NULL,NULL,NULL,NULL,NULL,NULL,NULL,NULL,NULL,NULL,NULL,NULL,,NULL,NULL,NULL,NULL,,NULL,NULL,NULL,NULL,NULL,NULL,NULL,NULL,0
209,NULL,"Diario 21",NULL,NULL,NULL,NULL,NULL,NULL,NULL,NULL,NULL,NULL,NULL,NULL,NULL,,NULL,NULL,NULL,NULL,,NULL,NULL,NULL,NULL,NULL,NULL,NULL,NULL,0
210,NULL,"El Salitre",NULL,NULL,NULL,NULL,NULL,NULL,NULL,NULL,NULL,NULL,NULL,NULL,NULL,,NULL,NULL,NULL,NULL,,NULL,NULL,NULL,NULL,NULL,NULL,NULL,NULL,0
211,NULL,Longino,NULL,NULL,NULL,NULL,NULL,NULL,NULL,NULL,NULL,NULL,NULL,NULL,NULL,,NULL,NULL,NULL,NULL,,NULL,NULL,NULL,NULL,NULL,NULL,NULL,NULL,0
212,NULL,"Iquique Express",NULL,NULL,NULL,NULL,NULL,NULL,NULL,NULL,NULL,NULL,NULL,NULL,NULL,,NULL,NULL,NULL,NULL,,NULL,NULL,NULL,NULL,NULL,NULL,NULL,NULL,0
213,NULL,ExtraIquique,NULL,NULL,NULL,NULL,NULL,NULL,NULL,NULL,NULL,NULL,NULL,NULL,NULL,,NULL,NULL,NULL,NULL,,NULL,NULL,NULL,NULL,NULL,NULL,NULL,NULL,0
214,Diario,"La Estrella de Iquique",NULL,NULL,NULL,NULL,1,Pagado,NULL,1966,Regional,1,NULL,1,,,NULL,"Semana: 10.300 - Sábado: 13.700 - Domingo: 14.900","Datos de Medios Regionales, empresa de El Mercurio",3,"Luis Uribe 452 - Iquique",http://www.estrellaiquique.cl/,12,15,NULL,1,,,,0
215,NULL,Licankoy,NULL,NULL,NULL,NULL,NULL,NULL,NULL,NULL,NULL,NULL,NULL,NULL,NULL,,NULL,NULL,NULL,NULL,,NULL,NULL,NULL,NULL,NULL,NULL,NULL,NULL,0
216,NULL,"El Polémico",NULL,NULL,NULL,NULL,NULL,NULL,NULL,NULL,NULL,NULL,NULL,NULL,NULL,,NULL,NULL,NULL,NULL,,NULL,NULL,NULL,NULL,NULL,NULL,NULL,NULL,0
217,Diario,"El Mercurio de Antofagasta",NULL,NULL,NULL,NULL,1,Pagado,NULL,1906,Regional,2,NULL,1,,,NULL,"Semana: 6.700  - Sábado: 9.500 - Domingo: 21.800","Datos de Medios Regionales, empresa de El Mercurio",3,"Manuel Antonio Matta 2112 - Antofagasta",http://www.mercurioantofagasta.cl/,11,10,NULL,1,,,,0
218,Diario,"La Estrella de Antofagasta",NULL,NULL,NULL,NULL,1,Pagado,NULL,1966,Regional,2,NULL,1,,,NULL,"Semana: 7.100 - Sábado: 8.100","Datos de Medios Regionales, empresa de El Mercurio",3,"Manuel Antonio Matta 2112 - Antofagasta",http://www.estrellaantofagasta.cl/,16,10,NULL,1,,,,0
219,Diario,"El Mercurio de Calama",NULL,NULL,NULL,NULL,1,Pagado,NULL,1968,Regional,2,NULL,1,,,NULL,"Semana: 2.800 - Sábado: 3.200 - Domingo: 6.400","Datos de Medios Regionales, empresa de El Mercurio",3,"Abaroa 2051 - Calama",http://www.mercuriocalama.cl/,9,10,NULL,NULL,,,,0
220,Diario,"La Estrella del Loa",NULL,NULL,NULL,NULL,1,Pagado,NULL,1989,Regional,2,NULL,1,,,NULL,"Semana: 7.100 - Sábado: 8.100","Datos de Medios Regionales, empresa de El Mercurio",3,"Abaroa 2051 - Calama",http://www.estrellaloa.cl/,16,10,NULL,1,,,,0
221,NULL,"La Estrella de Tocopilla",NULL,NULL,NULL,NULL,NULL,NULL,NULL,NULL,NULL,NULL,NULL,NULL,NULL,,NULL,NULL,NULL,NULL,,NULL,NULL,NULL,NULL,NULL,NULL,NULL,NULL,0
222,NULL,Añañuca,NULL,NULL,NULL,NULL,NULL,NULL,NULL,NULL,NULL,NULL,NULL,NULL,NULL,,NULL,NULL,NULL,NULL,,NULL,NULL,NULL,NULL,NULL,NULL,NULL,NULL,0
223,NULL,"El Diario de Atacama",NULL,NULL,NULL,NULL,NULL,NULL,NULL,NULL,NULL,NULL,NULL,NULL,NULL,,NULL,NULL,NULL,NULL,,NULL,NULL,NULL,NULL,NULL,NULL,NULL,NULL,0
224,NULL,"El Chañarcillo",NULL,NULL,NULL,NULL,NULL,NULL,NULL,NULL,NULL,NULL,NULL,NULL,NULL,,NULL,NULL,NULL,NULL,,NULL,NULL,NULL,NULL,NULL,NULL,NULL,NULL,0
225,NULL,"La Provincia",NULL,NULL,NULL,NULL,NULL,NULL,NULL,NULL,NULL,NULL,NULL,NULL,NULL,,NULL,NULL,NULL,NULL,,NULL,NULL,NULL,NULL,NULL,NULL,NULL,NULL,0
226,NULL,"La Voz de Choapa",NULL,NULL,NULL,NULL,NULL,NULL,NULL,NULL,NULL,NULL,NULL,NULL,NULL,,NULL,NULL,NULL,NULL,,NULL,NULL,NULL,NULL,NULL,NULL,NULL,NULL,0
227,NULL,"El Valle",NULL,NULL,NULL,NULL,NULL,NULL,NULL,NULL,NULL,NULL,NULL,NULL,NULL,,NULL,NULL,NULL,NULL,,NULL,NULL,NULL,NULL,NULL,NULL,NULL,NULL,0
228,NULL,"El Tiempo",NULL,NULL,NULL,NULL,NULL,NULL,NULL,NULL,NULL,NULL,NULL,NULL,NULL,,NULL,NULL,NULL,NULL,,NULL,NULL,NULL,NULL,NULL,NULL,NULL,NULL,0
229,NULL,"La Región",NULL,NULL,NULL,NULL,NULL,NULL,NULL,NULL,NULL,NULL,NULL,NULL,NULL,,NULL,NULL,NULL,NULL,,NULL,NULL,NULL,NULL,NULL,NULL,NULL,NULL,0
230,Diario,"El Día",NULL,NULL,NULL,NULL,1,Pagado,NULL,1944,Regional,4,NULL,1,,,NULL,"Semana: 6.500 - Sábado: 9.200 - Domingo: 17.000","Datos de Medios Regionales, empresa de El Mercurio",3,"Brasil 431 - La Serena",http://www.diarioeldia.cl/,21,NULL,NULL,4,,,,0
231,NULL,"El Ovallino",NULL,NULL,NULL,NULL,NULL,NULL,NULL,NULL,NULL,NULL,NULL,NULL,NULL,,NULL,NULL,NULL,NULL,,NULL,NULL,NULL,NULL,NULL,NULL,NULL,NULL,0
232,NULL,"El Proa",NULL,NULL,NULL,NULL,NULL,NULL,NULL,NULL,NULL,NULL,NULL,NULL,NULL,,NULL,NULL,NULL,NULL,,NULL,NULL,NULL,NULL,NULL,NULL,NULL,NULL,0
233,NULL,"El Espectador",NULL,NULL,NULL,NULL,NULL,NULL,NULL,NULL,NULL,NULL,NULL,NULL,NULL,,NULL,NULL,NULL,NULL,,NULL,NULL,NULL,NULL,NULL,NULL,NULL,NULL,0
234,NULL,Impacto,NULL,NULL,NULL,NULL,NULL,NULL,NULL,NULL,NULL,NULL,NULL,NULL,NULL,,NULL,NULL,NULL,NULL,,NULL,NULL,NULL,NULL,NULL,NULL,NULL,NULL,0
235,NULL,"El Andino de Los Andes",NULL,NULL,NULL,NULL,NULL,NULL,NULL,NULL,NULL,NULL,NULL,NULL,NULL,,NULL,NULL,NULL,NULL,,NULL,NULL,NULL,NULL,NULL,NULL,NULL,NULL,0
236,NULL,"El Trabajo",NULL,NULL,NULL,NULL,NULL,NULL,NULL,NULL,NULL,NULL,NULL,NULL,NULL,,NULL,NULL,NULL,NULL,,NULL,NULL,NULL,NULL,NULL,NULL,NULL,NULL,0
237,NULL,Futuro,NULL,NULL,NULL,NULL,NULL,NULL,NULL,NULL,NULL,NULL,NULL,NULL,NULL,,NULL,NULL,NULL,NULL,,NULL,NULL,NULL,NULL,NULL,NULL,NULL,NULL,0
238,NULL,"Página 12",NULL,NULL,NULL,NULL,NULL,NULL,NULL,NULL,NULL,NULL,NULL,NULL,NULL,,NULL,NULL,NULL,NULL,,NULL,NULL,NULL,NULL,NULL,NULL,NULL,NULL,0
239,NULL,"El Observador de Quillota",NULL,NULL,NULL,NULL,NULL,NULL,NULL,NULL,NULL,NULL,NULL,NULL,NULL,,NULL,NULL,NULL,NULL,,NULL,NULL,NULL,NULL,NULL,NULL,NULL,NULL,0
240,NULL,"El Observador de Los Andes",NULL,NULL,NULL,NULL,NULL,NULL,NULL,NULL,NULL,NULL,NULL,NULL,NULL,,NULL,NULL,NULL,NULL,,NULL,NULL,NULL,NULL,NULL,NULL,NULL,NULL,0
241,Diario,"El Mercurio de Valparaíso",NULL,NULL,NULL,NULL,1,Pagado,NULL,1827,Regional,5,NULL,1,,,NULL,"Semana: 13.000 - Sábado: 16.000 - Domingo: 32.000","Datos de Medios Regionales, empresa de El Mercurio",3,"Esmeralda 1002 - Valparaíso - Chile",http://www.mercuriovalpo.cl/,7,8,NULL,1,,,,0
242,NULL,"La Estrella de Valparaíso",NULL,NULL,NULL,NULL,NULL,NULL,NULL,NULL,NULL,NULL,NULL,NULL,NULL,,NULL,NULL,NULL,NULL,,NULL,NULL,NULL,NULL,NULL,NULL,NULL,NULL,0
243,NULL,"El Líder de San Antonio",NULL,NULL,NULL,NULL,NULL,NULL,NULL,NULL,NULL,NULL,NULL,NULL,NULL,,NULL,NULL,NULL,NULL,,NULL,NULL,NULL,NULL,NULL,NULL,NULL,NULL,0
244,NULL,"Contra Plano",NULL,NULL,NULL,NULL,NULL,NULL,NULL,NULL,NULL,NULL,NULL,NULL,NULL,,NULL,NULL,NULL,NULL,,NULL,NULL,NULL,NULL,NULL,NULL,NULL,NULL,0
245,NULL,"Vmás V",NULL,NULL,NULL,NULL,NULL,NULL,NULL,NULL,NULL,NULL,NULL,NULL,NULL,,NULL,NULL,NULL,NULL,,NULL,NULL,NULL,NULL,NULL,NULL,NULL,NULL,0
246,NULL,"El Colchagüino",NULL,NULL,NULL,NULL,NULL,NULL,NULL,NULL,NULL,NULL,NULL,NULL,NULL,,NULL,NULL,NULL,NULL,,NULL,NULL,NULL,NULL,NULL,NULL,NULL,NULL,0
247,NULL,"Opinión Regional",NULL,NULL,NULL,NULL,NULL,NULL,NULL,NULL,NULL,NULL,NULL,NULL,NULL,,NULL,NULL,NULL,NULL,,NULL,NULL,NULL,NULL,NULL,NULL,NULL,NULL,0
248,NULL,Diario,NULL,NULL,NULL,NULL,NULL,NULL,NULL,NULL,NULL,NULL,NULL,NULL,NULL,,NULL,NULL,NULL,NULL,,NULL,NULL,NULL,NULL,NULL,NULL,NULL,NULL,0
249,NULL,"El Rancagüino",NULL,NULL,NULL,NULL,NULL,NULL,NULL,NULL,NULL,NULL,NULL,NULL,NULL,,NULL,NULL,NULL,NULL,,NULL,NULL,NULL,NULL,NULL,NULL,NULL,NULL,0
250,NULL,"El Tipógrafo",NULL,NULL,NULL,NULL,NULL,NULL,NULL,NULL,NULL,NULL,NULL,NULL,NULL,,NULL,NULL,NULL,NULL,,NULL,NULL,NULL,NULL,NULL,NULL,NULL,NULL,0
251,NULL,"El Renguino",NULL,NULL,NULL,NULL,NULL,NULL,NULL,NULL,NULL,NULL,NULL,NULL,NULL,,NULL,NULL,NULL,NULL,,NULL,NULL,NULL,NULL,NULL,NULL,NULL,NULL,0
252,NULL,"Diario VI Región",NULL,NULL,NULL,NULL,NULL,NULL,NULL,NULL,NULL,NULL,NULL,NULL,NULL,,NULL,NULL,NULL,NULL,,NULL,NULL,NULL,NULL,NULL,NULL,NULL,NULL,0
253,NULL,"El Cóndor",NULL,NULL,NULL,NULL,NULL,NULL,NULL,NULL,NULL,NULL,NULL,NULL,NULL,,NULL,NULL,NULL,NULL,,NULL,NULL,NULL,NULL,NULL,NULL,NULL,NULL,0
254,NULL,"El Libertador",NULL,NULL,NULL,NULL,NULL,NULL,NULL,NULL,NULL,NULL,NULL,NULL,NULL,,NULL,NULL,NULL,NULL,,NULL,NULL,NULL,NULL,NULL,NULL,NULL,NULL,0
255,NULL,"Diario La Prensa",NULL,NULL,NULL,NULL,NULL,NULL,NULL,NULL,NULL,NULL,NULL,NULL,NULL,,NULL,NULL,NULL,NULL,,NULL,NULL,NULL,NULL,NULL,NULL,NULL,NULL,0
256,NULL,"Diario El Centro de Talca",NULL,NULL,NULL,NULL,NULL,NULL,NULL,NULL,NULL,NULL,NULL,NULL,NULL,,NULL,NULL,NULL,NULL,,NULL,NULL,NULL,NULL,NULL,NULL,NULL,NULL,0
257,NULL,"Diario El Centro de Curicó",NULL,NULL,NULL,NULL,NULL,NULL,NULL,NULL,NULL,NULL,NULL,NULL,NULL,,NULL,NULL,NULL,NULL,,NULL,NULL,NULL,NULL,NULL,NULL,NULL,NULL,0
258,NULL,"Diario El Centro de Linares",NULL,NULL,NULL,NULL,NULL,NULL,NULL,NULL,NULL,NULL,NULL,NULL,NULL,,NULL,NULL,NULL,NULL,,NULL,NULL,NULL,NULL,NULL,NULL,NULL,NULL,0
259,NULL,"El Heraldo",NULL,NULL,NULL,NULL,NULL,NULL,NULL,NULL,NULL,NULL,NULL,NULL,NULL,,NULL,NULL,NULL,NULL,,NULL,NULL,NULL,NULL,NULL,NULL,NULL,NULL,0
260,NULL,"La Voz de la Provincia",NULL,NULL,NULL,NULL,NULL,NULL,NULL,NULL,NULL,NULL,NULL,NULL,NULL,,NULL,NULL,NULL,NULL,,NULL,NULL,NULL,NULL,NULL,NULL,NULL,NULL,0
261,NULL,"La Verdad",NULL,NULL,NULL,NULL,NULL,NULL,NULL,NULL,NULL,NULL,NULL,NULL,NULL,,NULL,NULL,NULL,NULL,,NULL,NULL,NULL,NULL,NULL,NULL,NULL,NULL,0
262,NULL,"El Litoral",NULL,NULL,NULL,NULL,NULL,NULL,NULL,NULL,NULL,NULL,NULL,NULL,NULL,,NULL,NULL,NULL,NULL,,NULL,NULL,NULL,NULL,NULL,NULL,NULL,NULL,0
263,NULL,"La Opinión",NULL,NULL,NULL,NULL,NULL,NULL,NULL,NULL,NULL,NULL,NULL,NULL,NULL,,NULL,NULL,NULL,NULL,,NULL,NULL,NULL,NULL,NULL,NULL,NULL,NULL,0
264,NULL,"El Lector",NULL,NULL,NULL,NULL,NULL,NULL,NULL,NULL,NULL,NULL,NULL,NULL,NULL,,NULL,NULL,NULL,NULL,,NULL,NULL,NULL,NULL,NULL,NULL,NULL,NULL,0
265,NULL,"El Sol",NULL,NULL,NULL,NULL,NULL,NULL,NULL,NULL,NULL,NULL,NULL,NULL,NULL,,NULL,NULL,NULL,NULL,,NULL,NULL,NULL,NULL,NULL,NULL,NULL,NULL,0
266,NULL,"La Prensa",NULL,NULL,NULL,NULL,NULL,NULL,NULL,NULL,NULL,NULL,NULL,NULL,NULL,,NULL,NULL,NULL,NULL,,NULL,NULL,NULL,NULL,NULL,NULL,NULL,NULL,0
267,NULL,"Diario La Discusión",NULL,NULL,NULL,NULL,NULL,NULL,NULL,NULL,NULL,NULL,NULL,NULL,NULL,,NULL,NULL,NULL,NULL,,NULL,NULL,NULL,NULL,NULL,NULL,NULL,NULL,0
268,NULL,"Diario El Sur",NULL,NULL,NULL,NULL,NULL,NULL,NULL,NULL,NULL,NULL,NULL,NULL,NULL,,NULL,NULL,NULL,NULL,,NULL,NULL,NULL,NULL,NULL,NULL,NULL,NULL,0
269,NULL,"La Estrella de Concepción",NULL,NULL,NULL,NULL,NULL,NULL,NULL,NULL,NULL,NULL,NULL,NULL,NULL,,NULL,NULL,NULL,NULL,,NULL,NULL,NULL,NULL,NULL,NULL,NULL,NULL,0
270,NULL,"La Crónica de Chillán",NULL,NULL,NULL,NULL,NULL,NULL,NULL,NULL,NULL,NULL,NULL,NULL,NULL,,NULL,NULL,NULL,NULL,,NULL,NULL,NULL,NULL,NULL,NULL,NULL,NULL,0
271,NULL,"Diario Concepción",NULL,NULL,NULL,NULL,NULL,NULL,NULL,NULL,NULL,NULL,NULL,NULL,NULL,,NULL,NULL,NULL,NULL,,NULL,NULL,NULL,NULL,NULL,NULL,NULL,NULL,0
272,NULL,"La Tribuna",NULL,NULL,NULL,NULL,NULL,NULL,NULL,NULL,NULL,NULL,NULL,NULL,NULL,,NULL,NULL,NULL,NULL,,NULL,NULL,NULL,NULL,NULL,NULL,NULL,NULL,0
273,NULL,"El Renacer",NULL,NULL,NULL,NULL,NULL,NULL,NULL,NULL,NULL,NULL,NULL,NULL,NULL,,NULL,NULL,NULL,NULL,,NULL,NULL,NULL,NULL,NULL,NULL,NULL,NULL,0
274,NULL,"El Golfo de Arauco",NULL,NULL,NULL,NULL,NULL,NULL,NULL,NULL,NULL,NULL,NULL,NULL,NULL,,NULL,NULL,NULL,NULL,,NULL,NULL,NULL,NULL,NULL,NULL,NULL,NULL,0
275,NULL,"Malleco 7",NULL,NULL,NULL,NULL,NULL,NULL,NULL,NULL,NULL,NULL,NULL,NULL,NULL,,NULL,NULL,NULL,NULL,,NULL,NULL,NULL,NULL,NULL,NULL,NULL,NULL,0
276,NULL,"El Espejo de Malleco",NULL,NULL,NULL,NULL,NULL,NULL,NULL,NULL,NULL,NULL,NULL,NULL,NULL,,NULL,NULL,NULL,NULL,,NULL,NULL,NULL,NULL,NULL,NULL,NULL,NULL,0
277,NULL,"Diario Las Noticias",NULL,NULL,NULL,NULL,NULL,NULL,NULL,NULL,NULL,NULL,NULL,NULL,NULL,,NULL,NULL,NULL,NULL,,NULL,NULL,NULL,NULL,NULL,NULL,NULL,NULL,0
278,NULL,"El Diario Austral de Temuco",NULL,NULL,NULL,NULL,NULL,NULL,NULL,NULL,NULL,NULL,NULL,NULL,NULL,,NULL,NULL,NULL,NULL,,NULL,NULL,NULL,NULL,NULL,NULL,NULL,NULL,0
279,NULL,"El Diario Austral de Osorno",NULL,NULL,NULL,NULL,NULL,NULL,NULL,NULL,NULL,NULL,NULL,NULL,NULL,,NULL,NULL,NULL,NULL,,NULL,NULL,NULL,NULL,NULL,NULL,NULL,NULL,0
280,NULL,"Llanquihue de Puerto Montt",NULL,NULL,NULL,NULL,NULL,NULL,NULL,NULL,NULL,NULL,NULL,NULL,NULL,,NULL,NULL,NULL,NULL,,NULL,NULL,NULL,NULL,NULL,NULL,NULL,NULL,0
281,NULL,"La Estrella de Chiloé",NULL,NULL,NULL,NULL,NULL,NULL,NULL,NULL,NULL,NULL,NULL,NULL,NULL,,NULL,NULL,NULL,NULL,,NULL,NULL,NULL,NULL,NULL,NULL,NULL,NULL,0
282,NULL,"El Correo del Lago",NULL,NULL,NULL,NULL,NULL,NULL,NULL,NULL,NULL,NULL,NULL,NULL,NULL,,NULL,NULL,NULL,NULL,,NULL,NULL,NULL,NULL,NULL,NULL,NULL,NULL,0
283,NULL,"El Insular",NULL,NULL,NULL,NULL,NULL,NULL,NULL,NULL,NULL,NULL,NULL,NULL,NULL,,NULL,NULL,NULL,NULL,,NULL,NULL,NULL,NULL,NULL,NULL,NULL,NULL,0
284,NULL,"Dato Sur",NULL,NULL,NULL,NULL,NULL,NULL,NULL,NULL,NULL,NULL,NULL,NULL,NULL,,NULL,NULL,NULL,NULL,,NULL,NULL,NULL,NULL,NULL,NULL,NULL,NULL,0
285,NULL,"Mundo Acuícola",NULL,NULL,NULL,NULL,NULL,NULL,NULL,NULL,NULL,NULL,NULL,NULL,NULL,,NULL,NULL,NULL,NULL,,NULL,NULL,NULL,NULL,NULL,NULL,NULL,NULL,0
286,NULL,"Diario de Aysén",NULL,NULL,NULL,NULL,NULL,NULL,NULL,NULL,NULL,NULL,NULL,NULL,NULL,,NULL,NULL,NULL,NULL,,NULL,NULL,NULL,NULL,NULL,NULL,NULL,NULL,0
287,NULL,"Aysén Domingo",NULL,NULL,NULL,NULL,NULL,NULL,NULL,NULL,NULL,NULL,NULL,NULL,NULL,,NULL,NULL,NULL,NULL,,NULL,NULL,NULL,NULL,NULL,NULL,NULL,NULL,0
288,NULL,"Diario El Divisadero",NULL,NULL,NULL,NULL,NULL,NULL,NULL,NULL,NULL,NULL,NULL,NULL,NULL,,NULL,NULL,NULL,NULL,,NULL,NULL,NULL,NULL,NULL,NULL,NULL,NULL,0
289,NULL,"La Prensa Austral",NULL,NULL,NULL,NULL,NULL,NULL,NULL,NULL,NULL,NULL,NULL,NULL,NULL,,NULL,NULL,NULL,NULL,,NULL,NULL,NULL,NULL,NULL,NULL,NULL,NULL,0
290,NULL,"El Magallanes",NULL,NULL,NULL,NULL,NULL,NULL,NULL,NULL,NULL,NULL,NULL,NULL,NULL,,NULL,NULL,NULL,NULL,,NULL,NULL,NULL,NULL,NULL,NULL,NULL,NULL,0
291,NULL,"El Pingüino",NULL,NULL,NULL,NULL,NULL,NULL,NULL,NULL,NULL,NULL,NULL,NULL,NULL,,NULL,NULL,NULL,NULL,,NULL,NULL,NULL,NULL,NULL,NULL,NULL,NULL,0
292,NULL,"El Fortín del Estrecho",NULL,NULL,NULL,NULL,NULL,NULL,NULL,NULL,NULL,NULL,NULL,NULL,NULL,,NULL,NULL,NULL,NULL,,NULL,NULL,NULL,NULL,NULL,NULL,NULL,NULL,0
293,Diario,"El Diario Austral Región de Los Ríos",NULL,NULL,NULL,NULL,1,Pagado,NULL,1982,NULL,NULL,NULL,1,,,NULL,,,NULL,"Yungay 449 - Valdivia",http://www.australdelosrios.cl/,22,23,NULL,1,,,,0
294,Diario,"La Estrella de Arica",NULL,NULL,NULL,NULL,1,Pagado,NULL,1976,Regional,9,NULL,1,,,NULL,"Semana: 7.300 - Sábado: 8.400 - Domingo: 9.100","Datos de Medios Regionales, empresa de El Mercurio",3,"San Marcos 580 - Arica",http://www.estrellaarica.cl/,13,14,NULL,1,,,,0
295,NULL,"El Chinchorro",NULL,NULL,NULL,NULL,NULL,NULL,NULL,NULL,NULL,NULL,NULL,NULL,NULL,,NULL,NULL,NULL,NULL,,NULL,NULL,NULL,NULL,NULL,NULL,NULL,NULL,0
296,NULL,"Sol de Arica",NULL,NULL,NULL,NULL,NULL,NULL,NULL,NULL,NULL,NULL,NULL,NULL,,,NULL,,,NULL,,,NULL,NULL,NULL,NULL,,,,0
297,Diario,HoyxHoy,NULL,NULL,NULL,NULL,1,Gratuito,NULL,2012,NULL,NULL,NULL,2,,,NULL,,,NULL,"Pérez Valenzuela 1620 - Providencia - Santiago",http://www.hoyxhoy.cl/,19,20,NULL,1,,,,0
